Date,Price Index,Total Return Index,Change,%Change
2019/04/25,8341.52,15044.72,0.99,0.01%
2019/04/26,8263.69,14904.34,-77.83,-0.93%
2019/04/29,8278.24,14930.59,14.55,0.18%
2019/04/30,8280.39,14934.47,2.15,0.03%
2019/05/02,8300.86,14971.38,20.47,0.25%
2019/05/03,8399.38,15149.07,98.52,1.19%
2019/05/06,8250.77,14881.05,-148.61,-1.77%
2019/05/07,8321.69,15008.96,70.92,0.86%
2019/05/08,8268.39,14912.83,-53.3,-0.64%
2019/05/09,8133.13,14668.88,-135.26,-1.64%
2019/05/10,8124.31,14652.96,-8.82,-0.11%
2019/05/13,7992.97,14416.08,-131.34,-1.62%
2019/05/14,7938.94,14318.63,-54.03,-0.68%
2019/05/15,7946.59,14332.43,7.65,0.1%
2019/05/16,7881.89,14215.73,-64.7,-0.81%
2019/05/17,7795.03,14059.07,-86.86,-1.1%
2019/05/20,7800.65,14069.22,5.62,0.07%
2019/05/21,7810.34,14086.7,9.69,0.12%
2019/05/22,7816.0,14096.9,5.66,0.07%
2019/05/23,7676.29,13844.91,-139.71,-1.79%
2019/05/24,7710.67,13906.93,34.38,0.45%
2019/05/27,7693.59,13876.12,-17.08,-0.22%
2019/05/28,7675.13,13842.82,-18.46,-0.24%
2019/05/29,7661.34,13817.94,-13.79,-0.18%
2019/05/30,7730.95,13943.5,69.61,0.91%
2019/05/31,7839.08,14138.53,108.13,1.4%
2019/06/03,7869.97,14194.24,30.89,0.39%
2019/06/04,7796.2,14061.18,-73.77,-0.94%
2019/06/05,7817.9,14100.32,21.7,0.28%
2019/06/06,7779.58,14031.21,-38.32,-0.49%
2019/06/10,7924.32,14292.25,144.74,1.86%
2019/06/11,7966.71,14368.71,42.39,0.53%
2019/06/12,7980.54,14393.65,13.83,0.17%
2019/06/13,7914.38,14274.33,-66.16,-0.83%
2019/06/14,7868.56,14191.7,-45.82,-0.58%
2019/06/17,7854.66,14166.62,-13.9,-0.18%
2019/06/18,7898.31,14245.35,43.65,0.56%
2019/06/19,8078.54,14570.41,180.23,2.28%
2019/06/20,8085.43,14588.5,6.89,0.09%
2019/06/21,8113.91,14639.88,28.48,0.35%
2019/06/24,8054.89,14699.94,-59.02,-0.73%
2019/06/25,7994.4,14589.55,-60.49,-0.75%
2019/06/26,7924.34,14480.08,-70.06,-0.88%
2019/06/27,8045.12,14700.78,120.78,1.52%
2019/06/28,8008.17,14633.25,-36.95,-0.46%
2019/07/01,8162.31,14925.47,154.14,1.92%
2019/07/02,8129.04,14907.56,-33.27,-0.41%
2019/07/03,8008.21,14710.41,-120.83,-1.49%
2019/07/04,8034.43,14780.3,26.22,0.33%
2019/07/05,8040.4,14791.27,5.97,0.07%
2019/07/08,8018.86,14781.44,-21.54,-0.27%
2019/07/09,7977.71,14715.58,-41.15,-0.51%
2019/07/10,8073.18,14891.67,95.47,1.2%
2019/07/11,8123.4,14994.15,50.22,0.62%
2019/07/12,8101.24,14953.25,-22.16,-0.27%
2019/07/15,8152.28,15063.59,51.04,0.63%
2019/07/16,8169.79,15110.61,17.51,0.21%
2019/07/17,8102.2,14985.59,-67.59,-0.83%
2019/07/18,8099.08,14979.82,-3.12,-0.04%
2019/07/19,8167.35,15112.41,68.27,0.84%
2019/07/22,8239.46,15253.18,72.11,0.88%
2019/07/23,8247.13,15269.36,7.67,0.09%
2019/07/24,8241.86,15267.44,-5.27,-0.06%
2019/07/25,8229.77,15320.12,-12.09,-0.15%
2019/07/26,8164.67,15198.92,-65.1,-0.79%
2019/07/29,8158.17,15195.24,-6.5,-0.08%
2019/07/30,8139.36,15160.2,-18.81,-0.23%
2019/07/31,8125.73,15149.86,-13.63,-0.17%
2019/08/01,8042.07,15004.47,-83.66,-1.03%
2019/08/02,7901.22,14741.69,-140.85,-1.75%
2019/08/05,7802.5,14557.5,-98.72,-1.25%
2019/08/06,7793.64,14550.69,-8.86,-0.11%
2019/08/07,7784.42,14533.47,-9.22,-0.12%
2019/08/08,7871.45,14695.96,87.03,1.12%
2019/08/12,7832.24,14652.38,-39.21,-0.5%
2019/08/13,7727.54,14477.16,-104.7,-1.34%
2019/08/14,7784.63,14590.26,57.09,0.74%
2019/08/15,7714.91,14463.74,-69.72,-0.9%
2019/08/16,7786.47,14597.9,71.56,0.93%
2019/08/19,7845.67,14708.9,59.2,0.76%
2019/08/20,7890.51,14792.96,44.84,0.57%
2019/08/21,7877.76,14769.06,-12.75,-0.16%
2019/08/22,7875.36,14764.55,-2.4,-0.03%
2019/08/23,7887.41,14787.15,12.05,0.15%
2019/08/26,7745.48,14536.67,-141.93,-1.8%
2019/08/27,7765.31,14573.88,19.83,0.26%
2019/08/28,7816.87,14670.64,51.56,0.66%
2019/08/29,7844.16,14721.85,27.29,0.35%
2019/08/30,7988.36,14992.5,144.2,1.84%
2019/09/02,7972.36,14962.46,-16.0,-0.2%
2019/09/03,7898.67,14824.16,-73.69,-0.92%
2019/09/04,7979.16,14975.22,80.49,1.02%
2019/09/05,8084.08,15172.14,104.92,1.31%
2019/09/06,8109.1,15219.1,25.02,0.31%
2019/09/09,8146.44,15289.17,37.34,0.46%
2019/09/10,8097.24,15196.84,-49.2,-0.6%
2019/09/11,8131.24,15260.66,34.0,0.42%
2019/09/12,8147.16,15290.53,15.92,0.2%
2019/09/16,8210.89,15418.15,63.73,0.78%
2019/09/17,8187.48,15374.19,-23.41,-0.29%
2019/09/18,8234.87,15463.18,47.39,0.58%
2019/09/19,8200.09,15440.95,-34.78,-0.42%
2019/09/20,8216.89,15472.57,16.8,0.2%
2019/09/23,8195.03,15431.42,-21.86,-0.27%
2019/09/24,8197.83,15436.69,2.8,0.03%
2019/09/25,8174.14,15392.07,-23.69,-0.29%
2019/09/26,8192.64,15426.92,18.5,0.23%
2019/09/27,8204.51,15449.26,11.87,0.14%
2019/10/01,8339.66,15703.75,135.15,1.65%
2019/10/02,8311.23,15650.21,-28.43,-0.34%
2019/10/03,8239.83,15515.77,-71.4,-0.86%
2019/10/04,8257.75,15549.51,17.92,0.22%
2019/10/07,8293.76,15617.32,36.01,0.44%
2019/10/08,8408.03,15832.49,114.27,1.38%
2019/10/09,8293.21,15616.28,-114.82,-1.37%
2019/10/14,8453.55,15918.21,160.34,1.93%
2019/10/15,8502.2,16009.82,48.65,0.58%
2019/10/16,8547.8,16095.68,45.6,0.54%
2019/10/17,8552.02,16103.64,4.22,0.05%
2019/10/18,8541.06,16082.99,-10.96,-0.13%
2019/10/21,8524.86,16052.48,-16.2,-0.19%
2019/10/22,8617.17,16226.31,92.31,1.08%
2019/10/23,8583.3,16162.53,-33.87,-0.39%
2019/10/24,8635.89,16261.56,52.59,0.61%
2019/10/25,8623.28,16237.81,-12.61,-0.15%
2019/10/28,8642.53,16274.06,19.25,0.22%
2019/10/29,8695.3,16373.44,52.77,0.61%
2019/10/30,8723.8,16427.1,28.5,0.33%
2019/10/31,8718.08,16416.32,-5.72,-0.07%
2019/11/01,8757.68,16490.9,39.6,0.45%
2019/11/04,8930.36,16816.06,172.68,1.97%
2019/11/05,9014.02,16973.58,83.66,0.94%
2019/11/06,9041.18,17024.74,27.16,0.3%
2019/11/07,9004.53,16955.72,-36.65,-0.41%
2019/11/08,8961.86,16875.36,-42.67,-0.47%
2019/11/11,8836.06,16638.48,-125.8,-1.4%
2019/11/12,8916.53,16790.01,80.47,0.91%
2019/11/13,8872.84,16707.73,-43.69,-0.49%
2019/11/14,8866.4,16695.62,-6.44,-0.07%
2019/11/15,8941.77,16837.53,75.37,0.85%
2019/11/18,9015.06,16975.54,73.29,0.82%
2019/11/19,9084.02,17105.39,68.96,0.76%
2019/11/20,9051.4,17043.98,-32.62,-0.36%
2019/11/21,8979.47,16908.52,-71.93,-0.79%
2019/11/22,8971.3,16893.14,-8.17,-0.09%
2019/11/25,8950.81,16854.56,-20.49,-0.23%
2019/11/26,8950.04,16853.1,-0.77,-0.01%
2019/11/27,9023.46,16991.35,73.42,0.82%
2019/11/28,8994.99,16937.75,-28.47,-0.32%
2019/11/29,8878.46,16718.32,-116.53,-1.3%
2019/12/02,8913.73,16784.74,35.27,0.4%
2019/12/03,8932.56,16820.2,18.83,0.21%
2019/12/04,8913.28,16783.89,-19.28,-0.22%
2019/12/05,8997.6,16942.67,84.32,0.95%
2019/12/06,9014.87,16975.19,17.27,0.19%
2019/12/09,9070.41,17079.77,55.54,0.62%
2019/12/10,9025.03,16994.32,-45.38,-0.5%
2019/12/11,9109.45,17153.28,84.42,0.94%
2019/12/12,9276.62,17468.07,167.17,1.84%
2019/12/13,9396.24,17693.32,119.62,1.29%
2019/12/16,9365.86,17636.11,-30.38,-0.32%
2019/12/17,9529.26,17943.79,163.4,1.74%
2019/12/18,9546.54,17976.33,17.28,0.18%
2019/12/19,9424.65,17800.21,-121.89,-1.28%
2019/12/20,9353.22,17665.31,-71.43,-0.76%
2019/12/23,9427.86,17806.27,74.64,0.8%
2019/12/24,9377.46,17711.08,-50.4,-0.53%
2019/12/25,9396.14,17746.36,18.68,0.2%
2019/12/26,9392.18,17738.88,-3.96,-0.04%
2019/12/27,9478.62,17902.15,86.44,0.92%
2019/12/30,9425.64,17802.09,-52.98,-0.56%
2019/12/31,9356.04,17670.64,-69.6,-0.74%
2020/01/02,9450.9,17849.79,94.86,1.01%
2020/01/03,9475.62,17896.47,24.72,0.26%
2020/01/06,9324.26,17610.61,-151.36,-1.6%
2020/01/07,9272.36,17512.58,-51.9,-0.56%
2020/01/08,9223.99,17421.23,-48.37,-0.52%
2020/01/09,9364.55,17686.7,140.56,1.52%
2020/01/10,9411.37,17775.12,46.82,0.5%
2020/01/13,9469.66,17885.22,58.29,0.62%
2020/01/14,9539.92,18017.92,70.26,0.74%
2020/01/15,9446.84,17842.13,-93.08,-0.98%
2020/01/16,9395.56,17745.28,-51.28,-0.54%
2020/01/17,9408.38,17769.48,12.82,0.14%
2020/01/20,9422.28,17795.74,13.9,0.15%
2020/01/30,8897.67,16804.92,-524.61,-5.57%
2020/01/31,8968.5,16938.68,70.83,0.8%
2020/02/03,8868.43,16749.68,-100.07,-1.12%
2020/02/04,9047.31,17087.53,178.88,2.02%
2020/02/05,9078.32,17146.1,31.01,0.34%
2020/02/06,9205.55,17386.39,127.23,1.4%
2020/02/07,9107.84,17201.85,-97.71,-1.06%
2020/02/10,9092.2,17172.32,-15.64,-0.17%
2020/02/11,9162.15,17304.43,69.95,0.77%
2020/02/12,9247.81,17466.22,85.66,0.93%
2020/02/13,9268.42,17505.13,20.61,0.22%
2020/02/14,9274.14,17515.94,5.72,0.06%
2020/02/17,9222.96,17419.29,-51.18,-0.55%
2020/02/18,9089.42,17167.07,-133.54,-1.45%
2020/02/19,9184.04,17345.77,94.62,1.04%
2020/02/20,9145.6,17273.17,-38.44,-0.42%
2020/02/21,9118.72,17222.4,-26.88,-0.29%
2020/02/24,8988.45,16976.37,-130.27,-1.43%
2020/02/25,9009.66,17016.42,21.21,0.24%
2020/02/26,8915.51,16838.61,-94.15,-1.04%
2020/02/27,8832.14,16681.15,-83.37,-0.94%
2020/03/02,8711.34,16452.99,-120.8,-1.37%
2020/03/03,8847.92,16710.95,136.58,1.57%
2020/03/04,8915.49,16838.57,67.57,0.76%
2020/03/05,9005.19,17007.98,89.7,1.01%
2020/03/06,8819.29,16656.88,-185.9,-2.06%
2020/03/09,8568.29,16182.82,-251.0,-2.85%
2020/03/10,8590.24,16224.28,21.95,0.26%
2020/03/11,8498.82,16051.61,-91.42,-1.06%
2020/03/12,8177.35,15444.46,-321.47,-3.78%
2020/03/13,8022.63,15152.23,-154.72,-1.89%
2020/03/16,7678.12,14501.57,-344.51,-4.29%
2020/03/17,7461.55,14092.54,-216.57,-2.82%
2020/03/18,7265.41,13722.09,-196.14,-2.63%
2020/03/19,6877.11,13040.09,-388.3,-5.34%
2020/03/20,7371.57,13977.67,494.46,7.19%
2020/03/23,7053.46,13374.47,-318.11,-4.32%
2020/03/24,7373.21,13980.76,319.75,4.53%
2020/03/25,7640.13,14486.9,266.92,3.62%
2020/03/26,7696.27,14593.35,56.14,0.73%
2020/03/27,7630.03,14467.74,-66.24,-0.86%
2020/03/30,7538.21,14293.64,-91.82,-1.2%
2020/03/31,7606.47,14423.06,68.26,0.91%
2020/04/01,7548.18,14312.54,-58.29,-0.77%
2020/04/06,7667.42,14538.64,119.24,1.58%
2020/04/07,7809.36,14807.78,141.94,1.85%
2020/04/08,7905.33,14989.75,95.97,1.23%
2020/04/09,7881.45,14944.46,-23.88,-0.3%
2020/04/10,7888.73,14958.28,7.28,0.09%
2020/04/13,7844.32,14874.06,-44.41,-0.56%
2020/04/14,8031.29,15228.6,186.97,2.38%
2020/04/15,8107.74,15373.55,76.45,0.95%
2020/04/16,8040.77,15246.57,-66.97,-0.83%
2020/04/17,8312.65,15762.09,271.88,3.38%
2020/04/20,8275.93,15692.46,-36.72,-0.44%
2020/04/21,8031.37,15228.74,-244.56,-2.96%
2020/04/22,8020.68,15208.47,-10.69,-0.13%
2020/04/23,8061.71,15286.27,41.03,0.51%
2020/04/24,8035.21,15236.03,-26.5,-0.33%
2020/04/27,8201.44,15551.22,166.23,2.07%
2020/04/28,8215.49,15577.86,14.05,0.17%
2020/04/29,8330.5,15795.95,115.01,1.4%
2020/04/30,8505.56,16127.89,175.06,2.1%
2020/05/04,8259.3,15660.93,-246.26,-2.9%
2020/05/05,8300.35,15738.77,41.05,0.5%
2020/05/06,8301.15,15740.29,0.8,0.01%
2020/05/07,8334.04,15802.65,32.89,0.4%
2020/05/08,8381.57,15892.78,47.53,0.57%
2020/05/11,8473.09,16066.32,91.52,1.09%
2020/05/12,8346.61,15826.49,-126.48,-1.49%
2020/05/13,8402.46,15932.4,55.85,0.67%
2020/05/14,8297.9,15734.14,-104.56,-1.24%
2020/05/15,8333.79,15802.17,35.89,0.43%
2020/05/18,8233.54,15612.08,-100.25,-1.2%
2020/05/19,8315.94,15768.34,82.4,1%
2020/05/20,8356.97,15846.12,41.03,0.49%
2020/05/21,8418.1,15962.04,61.13,0.73%
2020/05/22,8261.43,15664.98,-156.67,-1.86%
2020/05/25,8286.43,15712.39,25.0,0.3%
2020/05/26,8390.52,15909.75,104.09,1.26%
2020/05/27,8404.65,15936.54,14.13,0.17%
2020/05/28,8343.67,15820.91,-60.98,-0.73%
2020/05/29,8341.1,15816.03,-2.57,-0.03%
2020/06/01,8435.86,15995.72,94.76,1.14%
2020/06/02,8497.8,16113.17,61.94,0.73%
2020/06/03,8646.66,16395.43,148.86,1.75%
2020/06/04,8717.04,16528.89,70.38,0.81%
2020/06/05,8794.86,16676.45,77.82,0.89%
2020/06/08,8927.54,16928.02,132.68,1.51%
2020/06/09,8945.7,16962.46,18.16,0.2%
2020/06/10,9020.36,17104.03,74.66,0.83%
2020/06/11,8902.11,16886.36,-118.25,-1.31%
2020/06/12,8795.4,16683.94,-106.71,-1.2%
2020/06/15,8680.55,16466.08,-114.85,-1.31%
2020/06/16,8838.1,16764.94,157.55,1.81%
2020/06/17,8847.01,16785.42,8.91,0.1%
2020/06/18,8829.13,16805.87,-17.88,-0.2%
2020/06/19,8837.49,16821.78,8.36,0.09%
2020/06/22,8847.0,16845.27,9.51,0.11%
2020/06/23,8894.65,16947.31,47.65,0.54%
2020/06/24,8942.7,17047.87,48.05,0.54%
2020/06/29,8840.07,16858.74,-102.63,-1.15%
2020/06/30,8892.06,16966.12,51.99,0.59%
2020/07/01,8952.08,17121.19,60.02,0.67%
2020/07/02,9021.81,17300.12,69.73,0.78%
2020/07/03,9130.93,17511.15,109.12,1.21%
2020/07/06,9288.37,17835.27,157.44,1.72%
2020/07/07,9300.13,17869.24,11.76,0.13%
2020/07/08,9360.51,17987.57,60.38,0.65%
2020/07/09,9388.64,18041.63,28.13,0.3%
2020/07/10,9342.75,17953.44,-45.89,-0.49%
2020/07/13,9457.41,18190.6,114.66,1.23%
2020/07/14,9519.8,18319.5,62.39,0.66%
2020/07/15,9520.6,18329.19,0.8,0.01%
2020/07/16,9450.0,18200.96,-70.6,-0.74%
2020/07/17,9556.06,18412.44,106.06,1.12%
2020/07/20,9535.78,18373.37,-20.28,-0.21%
2020/07/21,9761.92,18809.09,226.14,2.37%
2020/07/22,9819.26,18919.56,57.34,0.59%
2020/07/23,9751.76,18843.33,-67.5,-0.69%
2020/07/24,9733.02,18812.79,-18.74,-0.19%
2020/07/27,10176.24,19675.14,443.22,4.55%
2020/07/28,10250.09,19826.04,73.85,0.73%
2020/07/29,10123.7,19581.56,-126.39,-1.23%
2020/07/30,10297.72,19918.16,174.02,1.72%
2020/07/31,10204.33,19740.17,-93.39,-0.91%
2020/08/03,10039.26,19429.78,-165.07,-1.62%
2020/08/04,10220.52,19780.59,181.26,1.81%
2020/08/05,10275.78,19896.49,55.26,0.54%
2020/08/06,10396.61,20141.63,120.83,1.18%
2020/08/07,10316.74,19996.33,-79.87,-0.77%
2020/08/10,10385.72,20130.04,68.98,0.67%
2020/08/11,10270.99,19922.57,-114.73,-1.1%
2020/08/12,10131.2,19669.65,-139.79,-1.36%
2020/08/13,10247.9,19924.64,116.7,1.15%
2020/08/14,10229.52,19888.9,-18.38,-0.18%
2020/08/17,10369.74,20161.54,140.22,1.37%
2020/08/18,10280.91,19990.18,-88.83,-0.86%
2020/08/19,10180.22,19794.39,-100.69,-0.98%
2020/08/20,9871.96,19195.01,-308.26,-3.03%
2020/08/21,10064.12,19568.64,192.16,1.95%
2020/08/24,10083.92,19607.14,19.8,0.2%
2020/08/25,10180.99,19795.88,97.07,0.96%
2020/08/26,10264.31,19957.89,83.32,0.82%
2020/08/27,10236.64,19904.08,-27.67,-0.27%
2020/08/28,10141.19,19718.5,-95.45,-0.93%
2020/08/31,9982.03,19409.03,-159.16,-1.57%
2020/09/01,10106.69,19651.43,124.66,1.25%
2020/09/02,10088.03,19615.13,-18.66,-0.18%
2020/09/03,10140.52,19724.07,52.49,0.52%
2020/09/04,10019.99,19489.64,-120.53,-1.19%
2020/09/07,10004.66,19459.81,-15.33,-0.15%
2020/09/08,10083.63,19613.41,78.97,0.79%
2020/09/09,10015.5,19480.9,-68.13,-0.68%
2020/09/10,10125.14,19694.16,109.64,1.09%
2020/09/11,10142.9,19728.69,17.76,0.18%
2020/09/14,10241.63,19920.73,98.73,0.97%
2020/09/15,10294.14,20022.88,52.51,0.51%
2020/09/16,10450.57,20327.13,156.43,1.52%
2020/09/17,10301.71,20092.55,-148.86,-1.42%
2020/09/18,10269.42,20029.57,-32.29,-0.31%
2020/09/21,10199.67,19893.53,-69.75,-0.68%
2020/09/22,10096.41,19692.13,-103.26,-1.01%
2020/09/23,10051.02,19603.61,-45.39,-0.45%
2020/09/24,9809.05,19131.66,-241.97,-2.41%
2020/09/25,9810.8,19135.07,1.75,0.02%
2020/09/28,10005.28,19514.39,194.48,1.98%
2020/09/29,10014.82,19532.99,9.54,0.1%
2020/09/30,10052.87,19607.22,38.05,0.38%
2020/10/05,10055.6,19612.53,2.73,0.03%
2020/10/06,10181.29,19857.68,125.69,1.25%
2020/10/07,10228.13,19949.05,46.84,0.46%
2020/10/08,10400.4,20285.04,172.27,1.68%
2020/10/12,10508.58,20496.02,108.18,1.04%
2020/10/13,10491.32,20462.36,-17.26,-0.16%
2020/10/14,10438.18,20358.72,-53.14,-0.51%
2020/10/15,10339.71,20166.66,-98.47,-0.94%
2020/10/16,10279.17,20048.58,-60.54,-0.59%
2020/10/19,10423.48,20330.04,144.31,1.4%
2020/10/20,10352.0,20190.64,-71.48,-0.69%
2020/10/21,10360.1,20206.44,8.1,0.08%
2020/10/22,10413.6,20310.78,53.5,0.52%
2020/10/23,10368.95,20223.69,-44.65,-0.43%
2020/10/26,10367.68,20221.22,-1.27,-0.01%
2020/10/27,10335.21,20157.88,-32.47,-0.31%
2020/10/28,10266.93,20024.72,-68.28,-0.66%
2020/10/29,10137.77,19772.8,-129.16,-1.26%
2020/10/30,10047.18,19596.12,-90.59,-0.89%
2020/11/02,10107.13,19713.05,59.95,0.6%
2020/11/03,10224.45,19941.86,117.32,1.16%
2020/11/04,10361.2,20208.57,136.75,1.34%
2020/11/05,10405.61,20295.2,44.41,0.43%
2020/11/06,10452.04,20385.75,46.43,0.45%
2020/11/09,10574.5,20624.61,122.46,1.17%
2020/11/10,10509.69,20498.2,-64.81,-0.61%
2020/11/11,10660.77,20792.87,151.08,1.44%
2020/11/12,10651.3,20774.39,-9.47,-0.09%
2020/11/13,10700.3,20869.95,49.0,0.46%
2020/11/16,11015.88,21485.47,315.58,2.95%
2020/11/17,11051.27,21554.5,35.39,0.32%
2020/11/18,11238.24,21919.16,186.97,1.69%
2020/11/19,11160.65,21767.84,-77.59,-0.69%
2020/11/20,11138.51,21724.66,-22.14,-0.2%
2020/11/23,11289.97,22020.06,151.46,1.36%
2020/11/24,11213.92,21871.74,-76.05,-0.67%
2020/11/25,11125.79,21699.85,-88.13,-0.79%
2020/11/26,11192.8,21830.54,67.01,0.6%
2020/11/27,11181.8,21809.09,-11.0,-0.1%
2020/11/30,11011.3,21476.55,-170.5,-1.52%
2020/12/01,11182.57,21810.58,171.27,1.56%
2020/12/02,11303.73,22046.9,121.16,1.08%
2020/12/03,11290.95,22021.97,-12.78,-0.11%
2020/12/04,11437.83,22308.45,146.88,1.3%
2020/12/07,11597.97,22620.79,160.14,1.4%
2020/12/08,11723.18,22865.0,125.21,1.08%
2020/12/09,11703.08,22825.79,-20.1,-0.17%
2020/12/10,11565.59,22557.64,-137.49,-1.17%
2020/12/11,11621.94,22667.55,56.35,0.49%
2020/12/14,11515.37,22459.69,-106.57,-0.92%
2020/12/15,11412.62,22259.28,-102.75,-0.89%
2020/12/16,11587.27,22599.93,174.65,1.53%
2020/12/17,11539.58,22562.21,-47.69,-0.41%
2020/12/18,11536.76,22556.69,-2.82,-0.02%
2020/12/21,11669.22,22815.67,132.46,1.15%
2020/12/22,11511.56,22507.41,-157.66,-1.35%
2020/12/23,11524.79,22533.29,13.23,0.11%
2020/12/24,11562.58,22607.18,37.79,0.33%
2020/12/25,11600.6,22681.52,38.02,0.33%
2020/12/28,11703.06,22881.83,102.46,0.88%
2020/12/29,11688.4,22853.19,-14.66,-0.13%
2020/12/30,11905.3,23277.27,216.9,1.86%
2020/12/31,11952.94,23370.41,47.64,0.4%
2021/01/04,12094.41,23647.01,141.47,1.18%
2021/01/05,12207.71,23868.53,113.3,0.94%
2021/01/06,12287.01,24023.57,79.3,0.65%
2021/01/07,12534.61,24507.69,247.6,2.02%
2021/01/08,12808.93,25044.05,274.32,2.19%
2021/01/11,12901.72,25225.46,92.79,0.72%
2021/01/12,12913.94,25249.35,12.22,0.09%
2021/01/13,13178.84,25767.29,264.9,2.05%
2021/01/14,13060.5,25535.91,-118.34,-0.9%
2021/01/15,13079.14,25572.36,18.64,0.14%
2021/01/18,13101.74,25616.55,22.6,0.17%
2021/01/19,13416.74,26232.44,315.0,2.4%
2021/01/20,13526.68,26447.38,109.94,0.82%
2021/01/21,13922.3,27220.9,395.62,2.92%
2021/01/22,13664.84,26717.52,-257.46,-1.85%
2021/01/25,13532.05,26457.89,-132.79,-0.97%
2021/01/26,13237.17,25881.34,-294.88,-2.18%
2021/01/27,13248.87,25904.21,11.7,0.09%
2021/01/28,12980.04,25378.59,-268.83,-2.03%
2021/01/29,12748.1,24925.11,-231.94,-1.79%
2021/02/01,13062.7,25540.21,314.6,2.47%
2021/02/02,13413.02,26225.17,350.32,2.68%
2021/02/03,13414.72,26228.49,1.7,0.01%
2021/02/04,13348.86,26099.71,-65.86,-0.49%
2021/02/05,13444.97,26287.62,96.11,0.72%
2021/02/17,13995.19,27363.41,550.22,4.09%
2021/02/18,13983.84,27341.24,-11.35,-0.08%
2021/02/19,13844.95,27069.66,-138.89,-0.99%
2021/02/22,13828.7,27037.9,-16.25,-0.12%
2021/02/23,13794.95,26971.92,-33.75,-0.24%
2021/02/24,13558.44,26509.48,-236.51,-1.71%
2021/02/25,13766.98,26917.23,208.54,1.54%
2021/02/26,13221.66,25851.01,-545.32,-3.96%
2021/03/02,13277.75,25960.68,56.09,0.42%
2021/03/03,13528.02,26450.0,250.27,1.88%
2021/03/04,13188.92,25786.99,-339.1,-2.51%
2021/03/05,13153.2,25717.16,-35.72,-0.27%
2021/03/08,13102.21,25617.46,-50.99,-0.39%
2021/03/09,13122.59,25657.3,20.38,0.16%
2021/03/10,13164.85,25739.94,42.26,0.32%
2021/03/11,13410.11,26219.46,245.26,1.86%
2021/03/12,13496.22,26387.84,86.11,0.64%
2021/03/15,13462.8,26322.49,-33.42,-0.25%
2021/03/16,13521.75,26437.74,58.95,0.44%
2021/03/17,13401.66,26257.9,-120.09,-0.89%
2021/03/18,13431.26,26315.9,29.6,0.22%
2021/03/19,13196.11,25855.16,-235.15,-1.75%
2021/03/22,13286.7,26032.66,90.59,0.69%
2021/03/23,13303.07,26064.73,16.37,0.12%
2021/03/24,13089.33,25645.95,-213.74,-1.61%
2021/03/25,13136.99,25739.33,47.66,0.36%
2021/03/26,13363.92,26183.96,226.93,1.73%
2021/03/29,13511.14,26472.41,147.22,1.1%
2021/03/30,13556.09,26560.46,44.95,0.33%
2021/03/31,13391.62,26238.23,-164.47,-1.21%
2021/04/01,13547.9,26544.43,156.28,1.17%
2021/04/06,13695.57,26833.76,147.67,1.09%
2021/04/07,13722.2,26885.94,26.63,0.19%
2021/04/08,13795.87,27030.27,73.67,0.54%
2021/04/09,13723.63,26888.74,-72.24,-0.52%
2021/04/12,13656.41,26757.04,-67.22,-0.49%
2021/04/13,13677.64,26798.63,21.23,0.16%
2021/04/14,13765.35,26970.47,87.71,0.64%
2021/04/15,13934.09,27301.09,168.74,1.23%
2021/04/16,13906.01,27246.07,-28.08,-0.2%
2021/04/19,13886.05,27206.97,-19.96,-0.14%
2021/04/20,13928.73,27290.6,42.68,0.31%
2021/04/21,13732.57,26906.24,-196.16,-1.41%
2021/04/22,13699.84,26842.12,-32.73,-0.24%
2021/04/23,13904.09,27242.31,204.25,1.49%
2021/04/26,14109.25,27644.27,205.16,1.48%
2021/04/27,14102.32,27630.7,-6.93,-0.05%
2021/04/28,14009.83,27449.49,-92.49,-0.66%
2021/04/29,14008.66,27447.2,-1.17,-0.01%
2021/05/03,13731.25,26903.67,-277.41,-1.98%
2021/05/04,13650.25,26744.96,-81.0,-0.59%
2021/05/05,13523.66,26496.93,-126.59,-0.93%
2021/05/06,13676.91,26797.19,153.25,1.13%
2021/05/07,13903.72,27241.59,226.81,1.66%
2021/05/10,13745.97,26932.5,-157.75,-1.13%
2021/05/11,13241.48,25944.05,-504.49,-3.67%
2021/05/12,12820.75,25119.72,-420.73,-3.18%
2021/05/13,12632.07,24750.04,-188.68,-1.47%
2021/05/14,12831.81,25141.39,199.74,1.58%
2021/05/17,12559.65,24608.14,-272.16,-2.12%
2021/05/18,13167.75,25799.59,608.1,4.84%
2021/05/19,13069.04,25606.2,-98.71,-0.75%
2021/05/20,13032.03,25533.67,-37.01,-0.28%
2021/05/21,13204.95,25872.49,172.92,1.33%
2021/05/24,13153.04,25770.78,-51.91,-0.39%
2021/05/25,13415.88,26285.75,262.84,2%
2021/05/26,13425.87,26305.32,9.99,0.07%
2021/05/27,13352.46,26161.5,-73.41,-0.55%
2021/05/28,13536.93,26522.94,184.47,1.38%
2021/05/31,13718.04,26877.78,181.11,1.34%
2021/06/01,13723.92,26889.3,5.88,0.04%
2021/06/02,13694.29,26831.24,-29.63,-0.22%
2021/06/03,13724.47,26890.38,30.18,0.22%
2021/06/04,13672.78,26789.1,-51.69,-0.38%
2021/06/07,13619.08,26683.88,-53.7,-0.39%
2021/06/08,13577.32,26602.07,-41.76,-0.31%
2021/06/09,13490.58,26432.13,-86.74,-0.64%
2021/06/10,13711.2,26864.38,220.62,1.64%
2021/06/11,13741.92,26924.56,30.72,0.22%
2021/06/15,13842.6,27121.82,100.68,0.73%
2021/06/16,13781.32,27003.02,-61.28,-0.44%
2021/06/17,13793.49,27082.57,12.17,0.09%
2021/06/18,13687.14,26873.76,-106.35,-0.77%
2021/06/21,13390.73,26291.77,-296.41,-2.17%
2021/06/22,13350.14,26212.07,-40.59,-0.3%
2021/06/23,13610.86,26723.99,260.72,1.95%
2021/06/24,13600.34,26705.72,-10.52,-0.08%
2021/06/25,13663.43,26829.59,63.09,0.46%
2021/06/28,13695.91,26893.37,32.48,0.24%
2021/06/29,13754.37,27008.17,58.46,0.43%
2021/06/30,13843.29,27191.11,88.92,0.65%
2021/07/01,13820.49,27146.34,-22.8,-0.16%
2021/07/02,13765.23,27037.8,-55.26,-0.4%
2021/07/05,13914.5,27330.99,149.27,1.08%
2021/07/06,13906.5,27364.92,-8.0,-0.06%
2021/07/07,13871.49,27296.01,-35.01,-0.25%
2021/07/08,13842.02,27240.68,-29.47,-0.21%
2021/07/09,13677.35,26933.99,-164.67,-1.19%
2021/07/12,13827.65,27229.96,150.3,1.1%
2021/07/13,13961.32,27493.2,133.67,0.97%
2021/07/14,14008.98,27587.04,47.66,0.34%
2021/07/15,14132.4,27830.08,123.42,0.88%
2021/07/16,13909.81,27391.75,-222.59,-1.58%
2021/07/19,13777.66,27131.51,-132.15,-0.95%
2021/07/20,13630.38,26852.73,-147.28,-1.07%
2021/07/21,13623.81,26839.79,-6.57,-0.05%
2021/07/22,13714.84,27079.95,91.03,0.67%
2021/07/23,13672.36,27001.52,-42.48,-0.31%
2021/07/26,13500.33,26712.68,-172.03,-1.26%
2021/07/27,13459.84,26640.35,-40.49,-0.3%
2021/07/28,13374.08,26487.95,-85.76,-0.64%
2021/07/29,13549.72,26835.82,175.64,1.31%
2021/07/30,13459.96,26673.45,-89.76,-0.66%
2021/08/02,13680.12,27131.06,220.16,1.64%
2021/08/03,13731.9,27235.25,51.78,0.38%
2021/08/04,13799.99,27370.96,68.09,0.5%
2021/08/05,13803.43,27391.88,3.44,0.02%
2021/08/06,13725.1,27236.44,-78.33,-0.57%
2021/08/09,13738.03,27262.1,12.93,0.09%
2021/08/10,13618.61,27033.63,-119.42,-0.87%
2021/08/11,13593.52,26991.29,-25.09,-0.18%
2021/08/12,13534.12,26905.03,-59.4,-0.44%
2021/08/13,13383.23,26605.06,-150.89,-1.11%
2021/08/16,13354.2,26564.79,-29.03,-0.22%
2021/08/17,13229.09,26324.03,-125.11,-0.94%
2021/08/18,13276.0,26423.36,46.91,0.35%
2021/08/19,12929.33,25733.37,-346.67,-2.61%
2021/08/20,12855.21,25585.85,-74.12,-0.57%
2021/08/23,13180.92,26240.73,325.71,2.53%
2021/08/24,13265.24,26408.59,84.32,0.64%
2021/08/25,13459.17,26809.93,193.93,1.46%
2021/08/26,13523.69,26946.85,64.52,0.48%
2021/08/27,13659.44,27217.35,135.75,1%
2021/08/30,13818.11,27533.5,158.67,1.16%
2021/08/31,13933.33,27775.43,115.22,0.83%
2021/09/01,13906.38,27721.71,-26.95,-0.19%
2021/09/02,13796.18,27502.02,-110.2,-0.79%
2021/09/03,13998.19,27904.72,202.01,1.46%
2021/09/06,14059.59,28040.36,61.4,0.44%
2021/09/07,13968.71,27870.0,-90.88,-0.65%
2021/09/08,13884.45,27707.94,-84.26,-0.6%
2021/09/09,13877.12,27705.2,-7.33,-0.05%
2021/09/10,13997.54,27945.62,120.42,0.87%
2021/09/13,13932.38,27815.53,-65.16,-0.47%
2021/09/14,13924.39,27799.58,-7.99,-0.06%
2021/09/15,13834.33,27619.77,-90.06,-0.65%
2021/09/16,13744.07,27502.38,-90.26,-0.65%
2021/09/17,13714.44,27443.09,-29.63,-0.22%
2021/09/22,13422.53,26858.96,-291.91,-2.13%
2021/09/23,13516.79,27047.59,94.26,0.7%
2021/09/24,13691.63,27397.43,174.84,1.29%
2021/09/27,13756.57,27527.38,64.94,0.47%
2021/09/28,13624.72,27263.54,-131.85,-0.96%
2021/09/29,13334.31,26682.44,-290.41,-2.13%
2021/09/30,13369.3,26752.45,34.99,0.26%
2021/10/01,13135.44,26284.49,-233.86,-1.75%
2021/10/04,13043.13,26099.76,-92.31,-0.7%
2021/10/05,13034.57,26082.64,-8.56,-0.07%
2021/10/06,13020.02,26053.52,-14.55,-0.11%
2021/10/07,13257.18,26528.09,237.16,1.82%
2021/10/08,13167.1,26347.85,-90.08,-0.68%
2021/10/12,13052.63,26118.79,-114.47,-0.87%
2021/10/13,12964.75,25942.92,-87.88,-0.67%
2021/10/14,12979.73,25972.9,14.98,0.12%
2021/10/15,13383.33,26780.53,403.6,3.11%
2021/10/18,13269.27,26552.28,-114.06,-0.85%
2021/10/19,13437.4,26888.72,168.13,1.27%
2021/10/20,13408.93,26831.76,-28.47,-0.21%
2021/10/21,13399.49,26812.87,-9.44,-0.07%
2021/10/22,13418.2,26850.3,18.71,0.14%
2021/10/25,13375.99,26765.83,-42.21,-0.31%
2021/10/26,13507.3,27028.59,131.31,0.98%
2021/10/27,13508.29,27030.58,0.99,0.01%
2021/10/28,13452.58,26919.09,-55.71,-0.41%
2021/10/29,13357.3,26728.43,-95.28,-0.71%
2021/11/01,13378.02,26769.89,20.72,0.16%
2021/11/02,13408.33,26830.54,30.31,0.23%
2021/11/03,13434.04,26881.99,25.71,0.19%
2021/11/04,13373.22,26760.3,-60.82,-0.45%
2021/11/05,13600.89,27215.87,227.67,1.7%
2021/11/08,13709.75,27433.7,108.86,0.8%
2021/11/09,13822.16,27658.63,112.41,0.82%
2021/11/10,13812.0,27638.31,-10.16,-0.07%
2021/11/11,13694.26,27402.7,-117.74,-0.85%
2021/11/12,13734.83,27483.89,40.57,0.3%
2021/11/15,13831.9,27678.13,97.07,0.71%
2021/11/16,13882.75,27779.87,50.85,0.37%
2021/11/17,13914.14,27842.69,31.39,0.23%
2021/11/18,14007.18,28028.87,93.04,0.67%
2021/11/19,14023.96,28062.44,16.78,0.12%
2021/11/22,13968.19,27950.84,-55.77,-0.4%
2021/11/23,13875.18,27764.73,-93.01,-0.67%
2021/11/24,13779.49,27573.25,-95.69,-0.69%
2021/11/25,13788.08,27590.44,8.59,0.06%
2021/11/26,13582.37,27178.81,-205.71,-1.49%
2021/11/29,13548.3,27110.64,-34.07,-0.25%
2021/11/30,13590.78,27195.64,42.48,0.31%
2021/12/01,13756.1,27526.46,165.32,1.22%
2021/12/02,13977.02,27968.52,220.92,1.61%
2021/12/03,13898.83,27812.05,-78.19,-0.56%
2021/12/06,13862.98,27740.32,-35.85,-0.26%
2021/12/07,13960.4,27935.26,97.42,0.7%
2021/12/08,13949.49,27913.43,-10.91,-0.08%
2021/12/09,14026.72,28067.96,77.23,0.55%
2021/12/10,13946.44,27907.32,-80.28,-0.57%
2021/12/13,13882.95,27780.28,-63.49,-0.46%
2021/12/14,13797.56,27609.42,-85.39,-0.62%
2021/12/15,13820.54,27655.4,22.98,0.17%
2021/12/16,13922.97,27921.72,102.43,0.74%
2021/12/17,13969.15,28014.34,46.18,0.33%
2021/12/20,13810.26,27695.7,-158.89,-1.14%
2021/12/21,13891.29,27858.18,81.03,0.59%
2021/12/22,13928.36,27932.53,37.07,0.27%
2021/12/23,14030.49,28137.34,102.13,0.73%
2021/12/24,14036.64,28149.69,6.15,0.04%
2021/12/27,14105.03,28286.84,68.39,0.49%
2021/12/28,14270.5,28618.67,165.47,1.17%
2021/12/29,14299.9,28677.63,29.4,0.21%
2021/12/30,14265.96,28609.56,-33.94,-0.24%
2022/01/03,14383.41,28845.11,117.45,0.82%
2022/01/04,14701.35,29482.72,317.94,2.21%
2022/01/05,14678.33,29436.56,-23.02,-0.16%
2022/01/06,14551.18,29181.56,-127.15,-0.87%
2022/01/07,14384.41,28847.11,-166.77,-1.15%
2022/01/10,14458.76,28996.21,74.35,0.52%
2022/01/11,14573.5,29226.31,114.74,0.79%
2022/01/12,14680.68,29444.22,107.18,0.74%
2022/01/13,14742.67,29568.55,61.99,0.42%
2022/01/14,14770.17,29623.7,27.5,0.19%
2022/01/17,14901.26,29886.64,131.09,0.89%
2022/01/18,14682.86,29448.59,-218.4,-1.47%
2022/01/19,14545.44,29172.99,-137.42,-0.94%
2022/01/20,14506.92,29095.73,-38.52,-0.26%
2022/01/21,14270.82,28622.2,-236.1,-1.63%
2022/01/24,14410.74,28902.83,139.92,0.98%
2022/01/25,14187.47,28455.02,-223.27,-1.55%
2022/01/26,14122.9,28325.51,-64.57,-0.46%
2022/02/07,14224.46,28529.22,101.56,0.72%
2022/02/08,14207.68,28495.56,-16.78,-0.12%
2022/02/09,14348.65,28778.3,140.97,0.99%
2022/02/10,14575.62,29233.51,226.97,1.58%
2022/02/11,14558.3,29198.77,-17.32,-0.12%
2022/02/14,14289.38,28659.43,-268.92,-1.85%
2022/02/15,14225.18,28530.65,-64.2,-0.45%
2022/02/16,14471.57,29024.82,246.39,1.73%
2022/02/17,14477.34,29036.4,5.77,0.04%
2022/02/18,14388.17,28857.56,-89.17,-0.62%
2022/02/21,14361.33,28803.72,-26.84,-0.19%
2022/02/22,14196.62,28473.37,-164.71,-1.15%
2022/02/23,14218.34,28516.94,21.72,0.15%
2022/02/24,13827.21,27732.47,-391.13,-2.75%
2022/02/25,13854.32,27786.85,27.11,0.2%
2022/03/01,14010.99,28101.07,156.67,1.13%
2022/03/02,13961.12,28001.05,-49.87,-0.36%
2022/03/03,14001.91,28082.85,40.79,0.29%
2022/03/04,13833.41,27744.9,-168.5,-1.2%
2022/03/07,13390.32,26856.21,-443.09,-3.2%
2022/03/08,13122.62,26319.31,-267.7,-2%
2022/03/09,13253.44,26581.69,130.82,1%
2022/03/10,13626.25,27329.42,372.81,2.81%
2022/03/11,13456.9,26989.75,-169.35,-1.24%
2022/03/14,13419.39,26914.53,-37.51,-0.28%
2022/03/15,13153.86,26385.57,-265.53,-1.98%
2022/03/16,13162.47,26463.79,8.61,0.07%
2022/03/17,13608.09,27359.73,445.62,3.39%
2022/03/18,13601.36,27346.2,-6.73,-0.05%
2022/03/21,13689.8,27524.01,88.44,0.65%
2022/03/22,13660.38,27464.85,-29.42,-0.21%
2022/03/23,13812.52,27770.75,152.14,1.11%
2022/03/24,13800.02,27745.62,-12.5,-0.09%
2022/03/25,13834.88,27816.72,34.86,0.25%
2022/03/28,13661.32,27467.76,-173.56,-1.25%
2022/03/29,13683.34,27512.05,22.02,0.16%
2022/03/30,13857.06,27861.33,173.72,1.27%
2022/03/31,13828.59,27804.09,-28.47,-0.21%
2022/04/01,13730.4,27606.67,-98.19,-0.71%
2022/04/06,13601.75,27347.99,-128.65,-0.94%
2022/04/07,13342.67,26827.08,-259.08,-1.9%
2022/04/08,13396.14,26934.59,53.47,0.4%
2022/04/11,13217.4,26575.21,-178.74,-1.33%
2022/04/12,13184.35,26508.76,-33.05,-0.25%
2022/04/13,13462.21,27067.42,277.86,2.11%
2022/04/14,13396.28,26934.88,-65.93,-0.49%
2022/04/15,13187.45,26515.0,-208.83,-1.56%
2022/04/18,13111.65,26362.58,-75.8,-0.57%
2022/04/19,13168.16,26476.21,56.51,0.43%
2022/04/20,13304.78,26750.9,136.62,1.04%
2022/04/21,13249.26,26639.26,-55.52,-0.42%
2022/04/22,13157.99,26455.76,-91.27,-0.69%
2022/04/25,12890.96,25918.87,-267.03,-2.03%
2022/04/26,12916.69,25970.6,25.73,0.2%
2022/04/27,12596.03,25325.87,-320.66,-2.48%
2022/04/28,12713.15,25561.35,117.12,0.93%
2022/04/29,12856.75,25850.09,143.6,1.13%
2022/05/03,12741.35,25618.06,-115.4,-0.9%
2022/05/04,12802.97,25741.94,61.62,0.48%
2022/05/05,12903.72,25944.52,100.75,0.79%
2022/05/06,12657.08,25448.62,-246.64,-1.91%
2022/05/09,12416.44,24964.78,-240.64,-1.9%
2022/05/10,12398.92,24929.55,-17.52,-0.14%
2022/05/11,12393.71,24919.09,-5.21,-0.04%
2022/05/12,12062.49,24253.13,-331.22,-2.67%
2022/05/13,12201.09,24531.79,138.6,1.15%
2022/05/16,12272.1,24674.58,71.01,0.58%
2022/05/17,12403.23,24938.22,131.13,1.07%
2022/05/18,12620.09,25374.25,216.86,1.75%
2022/05/19,12350.88,24832.97,-269.21,-2.13%
2022/05/20,12469.64,25071.76,118.76,0.96%
2022/05/23,12468.59,25069.63,-1.05,-0.01%
2022/05/24,12312.17,24755.13,-156.42,-1.25%
2022/05/25,12406.77,24945.34,94.6,0.77%
2022/05/26,12269.24,24668.82,-137.53,-1.11%
2022/05/27,12564.5,25262.48,295.26,2.41%
2022/05/30,12867.57,25871.83,303.07,2.41%
2022/05/31,13088.7,26316.45,221.13,1.72%
2022/06/01,12921.57,25980.4,-167.13,-1.28%
2022/06/02,12790.15,25716.17,-131.42,-1.02%
2022/06/06,12845.45,25827.37,55.3,0.43%
2022/06/07,12734.78,25604.84,-110.67,-0.86%
2022/06/08,12904.22,25945.53,169.44,1.33%
2022/06/09,12846.78,25830.04,-57.44,-0.45%
2022/06/10,12686.59,25507.96,-160.19,-1.25%
2022/06/13,12370.14,24871.69,-316.45,-2.49%
2022/06/14,12339.88,24810.84,-30.26,-0.24%
2022/06/15,12281.56,24693.58,-58.32,-0.47%
2022/06/16,12217.14,24624.52,-64.42,-0.52%
2022/06/17,12037.73,24262.9,-179.41,-1.47%
2022/06/20,11910.61,24006.68,-127.12,-1.06%
2022/06/21,12163.73,24521.73,253.12,2.13%
2022/06/22,11854.94,23937.78,-308.79,-2.54%
2022/06/23,11645.17,23612.57,-209.77,-1.77%
2022/06/24,11707.59,23739.13,62.42,0.54%
2022/06/27,11901.84,24165.8,194.25,1.66%
2022/06/28,11835.19,24061.6,-66.65,-0.56%
2022/06/29,11670.69,23803.13,-164.5,-1.39%
2022/06/30,11357.32,23182.56,-313.37,-2.69%
2022/07/01,10979.01,22410.34,-378.31,-3.33%
2022/07/04,10795.78,22132.05,-183.23,-1.67%
2022/07/05,10887.07,22358.51,91.29,0.85%
2022/07/06,10600.75,21823.76,-286.32,-2.63%
2022/07/07,10941.64,22534.42,340.89,3.22%
2022/07/08,11057.53,22786.18,115.89,1.06%
2022/07/11,10949.23,22563.0,-108.3,-0.98%
2022/07/12,10656.41,21986.5,-292.82,-2.67%
2022/07/13,11006.14,22708.07,349.73,3.28%
2022/07/14,11091.99,22911.58,85.85,0.78%
2022/07/15,11255.36,23253.11,163.37,1.47%
2022/07/18,11364.54,23478.68,109.18,0.97%
2022/07/19,11310.7,23367.45,-53.84,-0.47%
2022/07/20,11364.57,23490.83,53.87,0.48%
2022/07/21,11552.63,23884.72,188.06,1.65%
2022/07/22,11577.66,23936.47,25.03,0.22%
2022/07/25,11538.66,23855.84,-39.0,-0.34%
2022/07/26,11441.12,23689.88,-97.54,-0.85%
2022/07/27,11543.95,23926.16,102.83,0.9%
2022/07/28,11547.34,23941.21,3.39,0.03%
2022/07/29,11641.91,24165.48,94.57,0.82%
2022/08/01,11606.29,24108.07,-35.62,-0.31%
2022/08/02,11403.41,23686.65,-202.88,-1.75%
2022/08/03,11503.98,23900.36,100.57,0.88%
2022/08/04,11457.31,23825.21,-46.67,-0.41%
2022/08/05,11750.15,24434.18,292.84,2.56%
2022/08/08,11716.55,24364.31,-33.6,-0.29%
2022/08/09,11715.45,24362.01,-1.1,-0.01%
2022/08/10,11587.78,24105.71,-127.67,-1.09%
2022/08/11,11830.67,24636.28,242.89,2.1%
2022/08/12,11882.44,24744.09,51.77,0.44%
2022/08/15,11982.76,24953.0,100.32,0.84%
2022/08/16,11993.42,24975.2,10.66,0.09%
2022/08/17,12037.68,25067.37,44.26,0.37%
2022/08/18,11935.21,24857.78,-102.47,-0.85%
2022/08/19,11927.68,24842.11,-7.53,-0.06%
2022/08/22,11764.09,24501.39,-163.59,-1.37%
2022/08/23,11620.63,24204.35,-143.46,-1.22%
2022/08/24,11579.02,24123.87,-41.61,-0.36%
2022/08/25,11679.71,24333.63,100.69,0.87%
2022/08/26,11745.86,24471.46,66.15,0.57%
2022/08/29,11454.67,23864.8,-291.19,-2.48%
2022/08/30,11437.03,23828.04,-17.64,-0.15%
2022/08/31,11569.36,24103.74,132.33,1.16%
2022/09/01,11306.85,23556.81,-262.51,-2.27%
2022/09/02,11180.59,23293.76,-126.26,-1.12%
2022/09/05,11213.92,23363.2,33.33,0.3%
2022/09/06,11279.87,23500.6,65.95,0.59%
2022/09/07,11008.59,22937.35,-271.28,-2.4%
2022/09/08,11099.84,23127.47,91.25,0.83%
2022/09/12,11295.88,23548.31,196.04,1.77%
2022/09/13,11383.96,23731.93,88.08,0.78%
2022/09/14,11145.52,23234.87,-238.44,-2.09%
2022/09/15,11137.23,23280.31,-8.29,-0.07%
2022/09/16,11042.11,23081.48,-95.12,-0.85%
2022/09/19,10952.51,22894.18,-89.6,-0.81%
2022/09/20,11070.84,23141.53,118.33,1.08%
2022/09/21,10974.68,22940.52,-96.16,-0.87%
2022/09/22,10834.16,22646.8,-140.52,-1.28%
2022/09/23,10698.38,22362.98,-135.78,-1.25%
2022/09/26,10484.78,21916.48,-213.6,-2%
2022/09/27,10498.1,21944.32,13.32,0.13%
2022/09/28,10259.4,21445.39,-238.7,-2.27%
2022/09/29,10252.81,21431.6,-6.59,-0.06%
2022/09/30,10098.31,21108.64,-154.5,-1.51%
2022/10/03,9991.79,20885.99,-106.52,-1.05%
2022/10/04,10222.14,21367.49,230.35,2.31%
2022/10/05,10485.87,21918.78,263.73,2.58%
2022/10/06,10576.67,22108.57,90.8,0.87%
2022/10/07,10371.77,21680.27,-204.9,-1.94%
2022/10/11,9814.65,20515.71,-557.12,-5.37%
2022/10/12,9784.01,20451.66,-30.64,-0.31%
2022/10/13,9655.45,20182.94,-128.56,-1.31%
2022/10/14,9927.76,20752.15,272.31,2.82%
2022/10/17,9743.76,20367.53,-184.0,-1.85%
2022/10/18,9895.28,20684.25,151.52,1.56%
2022/10/19,9730.06,20338.89,-165.22,-1.67%
2022/10/20,9739.05,20357.69,8.99,0.09%
2022/10/21,9648.34,20168.07,-90.71,-0.93%
2022/10/24,9647.31,20165.92,-1.03,-0.01%
2022/10/25,9442.85,19738.52,-204.46,-2.12%
2022/10/26,9526.55,19913.48,83.7,0.89%
2022/10/27,9664.87,20202.62,138.32,1.45%
2022/10/28,9565.44,19994.78,-99.43,-1.03%
2022/10/31,9711.63,20300.36,146.19,1.53%
2022/11/01,9764.76,20411.43,53.13,0.55%
2022/11/02,9810.29,20506.6,45.53,0.47%
2022/11/03,9659.88,20192.19,-150.41,-1.53%
2022/11/04,9662.43,20197.53,2.55,0.03%
2022/11/07,9830.04,20547.87,167.61,1.73%
2022/11/08,9962.94,20825.68,132.9,1.35%
2022/11/09,10258.01,21442.48,295.07,2.96%
2022/11/10,10126.06,21166.66,-131.95,-1.29%
2022/11/11,10669.46,22302.54,543.4,5.37%
2022/11/14,10780.74,22535.14,111.28,1.04%
2022/11/15,11221.38,23456.23,440.64,4.09%
2022/11/16,11252.18,23520.6,30.8,0.27%
2022/11/17,11223.93,23461.56,-28.25,-0.25%
2022/11/18,11216.21,23445.41,-7.72,-0.07%
2022/11/21,11162.86,23333.9,-53.35,-0.48%
2022/11/22,11279.23,23577.14,116.37,1.04%
2022/11/23,11319.94,23662.24,40.71,0.36%
2022/11/24,11443.27,23920.03,123.33,1.09%
2022/11/25,11453.52,23941.46,10.25,0.09%
2022/11/28,11181.91,23373.73,-271.61,-2.37%
2022/11/29,11323.55,23669.78,141.64,1.27%
2022/11/30,11445.29,23924.26,121.74,1.08%
2022/12/01,11572.08,24189.28,126.79,1.11%
2022/12/02,11504.18,24047.35,-67.9,-0.59%
2022/12/05,11472.54,23981.23,-31.64,-0.28%
2022/12/06,11261.19,23539.44,-211.35,-1.84%
2022/12/07,11197.6,23406.51,-63.59,-0.56%
2022/12/08,11105.02,23213.0,-92.58,-0.83%
2022/12/09,11266.02,23549.52,161.0,1.45%
2022/12/12,11175.49,23360.3,-90.53,-0.8%
2022/12/13,11092.49,23186.8,-83.0,-0.74%
2022/12/14,11271.36,23560.7,178.87,1.61%
2022/12/15,11245.62,23569.52,-25.74,-0.23%
2022/12/16,11067.43,23196.06,-178.19,-1.58%
2022/12/19,10989.49,23032.69,-77.94,-0.7%
2022/12/20,10804.26,22644.47,-185.23,-1.69%
2022/12/21,10844.69,22729.22,40.43,0.37%
2022/12/22,11024.39,23105.84,179.7,1.66%
2022/12/23,10839.24,22717.8,-185.15,-1.68%
2022/12/26,10858.32,22757.79,19.08,0.18%
2022/12/27,10884.24,22812.11,25.92,0.24%
2022/12/28,10763.22,22558.46,-121.02,-1.11%
2022/12/29,10670.1,22363.3,-93.12,-0.87%
2022/12/30,10716.37,22460.28,46.27,0.43%
2023/01/03,10796.85,22628.95,80.48,0.75%
2023/01/04,10744.98,22520.24,-51.87,-0.48%
2023/01/05,10867.19,22776.38,122.21,1.14%
2023/01/06,10924.94,22897.41,57.75,0.53%
2023/01/09,11312.07,23708.79,387.13,3.54%
2023/01/10,11377.91,23846.78,65.84,0.58%
2023/01/11,11334.89,23756.62,-43.02,-0.38%
2023/01/12,11335.16,23757.18,0.27,0%
2023/01/13,11470.03,24039.85,134.87,1.19%
2023/01/16,11567.73,24244.63,97.7,0.85%
2023/01/17,11552.44,24212.58,-15.29,-0.13%
2023/01/30,12138.4,25440.68,585.96,5.07%
2023/01/31,11828.06,24790.25,-310.34,-2.56%
2023/02/01,11964.02,25075.2,135.96,1.15%
2023/02/02,12114.42,25390.43,150.4,1.26%
2023/02/03,12128.74,25420.43,14.32,0.12%
2023/02/06,11891.14,24922.46,-237.6,-1.96%
2023/02/07,11863.95,24865.47,-27.19,-0.23%
2023/02/08,12102.58,25365.6,238.63,2.01%
2023/02/09,12092.35,25344.17,-10.23,-0.08%
2023/02/10,12141.85,25447.91,49.5,0.41%
2023/02/13,12094.16,25347.96,-47.69,-0.39%
2023/02/14,12185.84,25540.12,91.68,0.76%
2023/02/15,11923.54,24990.35,-262.3,-2.15%
2023/02/16,11988.73,25127.0,65.19,0.55%
2023/02/17,11885.65,24910.96,-103.08,-0.86%
2023/02/20,11910.18,24962.37,24.53,0.21%
2023/02/21,11900.03,24941.08,-10.15,-0.09%
2023/02/22,11758.38,24644.21,-141.65,-1.19%
2023/02/23,11929.71,25003.3,171.33,1.46%
2023/02/24,11804.37,24740.6,-125.34,-1.05%
2023/03/01,11960.6,25068.04,156.23,1.32%
2023/03/02,11929.01,25001.83,-31.59,-0.26%
2023/03/03,11909.52,24960.98,-19.49,-0.16%
2023/03/06,12030.05,25213.6,120.53,1.01%
2023/03/07,12106.52,25373.87,76.47,0.64%
2023/03/08,12046.23,25247.5,-60.29,-0.5%
2023/03/09,12020.04,25192.62,-26.19,-0.22%
2023/03/10,11838.22,24811.55,-181.82,-1.51%
2023/03/13,11888.87,24917.7,50.65,0.43%
2023/03/14,11729.6,24583.88,-159.27,-1.34%
2023/03/15,11751.51,24629.81,21.91,0.19%
2023/03/16,11638.85,24460.39,-112.66,-0.96%
2023/03/17,11848.71,24901.43,209.86,1.8%
2023/03/20,11768.25,24732.34,-80.46,-0.68%
2023/03/21,11841.29,24885.83,73.04,0.62%
2023/03/22,12078.88,25385.14,237.59,2.01%
2023/03/23,12175.52,25588.25,96.64,0.8%
2023/03/24,12206.44,25654.62,30.92,0.25%
2023/03/27,12092.83,25415.83,-113.61,-0.93%
2023/03/28,11992.51,25205.0,-100.32,-0.83%
2023/03/29,12063.05,25353.25,70.54,0.59%
2023/03/30,12130.45,25494.9,67.4,0.56%
2023/03/31,12131.81,25497.77,1.36,0.01%
2023/04/06,12057.51,25341.61,-74.3,-0.61%
2023/04/07,12065.11,25357.58,7.6,0.06%
2023/04/10,12063.48,25354.16,-1.63,-0.01%
2023/04/11,12054.4,25335.07,-9.08,-0.08%
2023/04/12,12024.4,25272.02,-30.0,-0.25%
2023/04/13,11902.02,25014.8,-122.38,-1.02%
2023/04/14,12008.59,25254.04,106.57,0.9%
2023/04/17,12026.74,25292.21,18.15,0.15%
2023/04/18,11941.06,25112.02,-85.68,-0.71%
2023/04/19,11845.43,24910.92,-95.63,-0.8%
2023/04/20,11850.69,24921.98,5.26,0.04%
2023/04/21,11803.04,24821.77,-47.65,-0.4%
2023/04/24,11780.49,24774.35,-22.55,-0.19%
2023/04/25,11596.24,24386.88,-184.25,-1.56%
2023/04/26,11543.91,24276.81,-52.33,-0.45%
2023/04/27,11570.56,24332.87,26.65,0.23%
2023/04/28,11710.83,24627.86,140.27,1.21%
2023/05/02,11722.75,24652.91,11.92,0.1%
2023/05/03,11661.01,24523.08,-61.74,-0.53%
2023/05/04,11697.97,24600.8,36.96,0.32%
2023/05/05,11728.55,24665.12,30.58,0.26%
2023/05/08,11796.35,24807.7,67.8,0.58%
2023/05/09,11870.87,24964.41,74.52,0.63%
2023/05/10,11777.53,24768.13,-93.34,-0.79%
2023/05/11,11708.92,24623.84,-68.61,-0.58%
2023/05/12,11652.7,24505.6,-56.22,-0.48%
2023/05/15,11646.19,24491.9,-6.51,-0.06%
2023/05/16,11806.55,24829.14,160.36,1.38%
2023/05/17,12023.89,25286.22,217.34,1.84%
2023/05/18,12191.04,25637.73,167.15,1.39%
2023/05/19,12238.9,25738.37,47.86,0.39%
2023/05/22,12215.59,25689.37,-23.31,-0.19%
2023/05/23,12206.77,25670.81,-8.82,-0.07%
2023/05/24,12149.16,25549.66,-57.61,-0.47%
2023/05/25,12316.08,25900.68,166.92,1.37%
2023/05/26,12595.92,26489.18,279.84,2.27%
2023/05/29,12658.93,26621.69,63.01,0.5%
2023/05/30,12657.78,26619.29,-1.15,-0.01%
2023/05/31,12563.87,26421.79,-93.91,-0.74%
2023/06/01,12467.77,26219.7,-96.1,-0.76%
2023/06/02,12636.08,26573.65,168.31,1.35%
2023/06/05,12590.64,26478.1,-45.44,-0.36%
2023/06/06,12655.79,26620.97,65.15,0.52%
2023/06/07,12804.36,26933.48,148.57,1.17%
2023/06/08,12657.69,26624.97,-146.67,-1.15%
2023/06/09,12771.24,26863.81,113.55,0.9%
2023/06/12,12877.01,27086.29,105.77,0.83%
2023/06/13,13138.63,27638.05,261.62,2.03%
2023/06/14,13126.08,27614.73,-12.55,-0.1%
2023/06/15,13160.88,27750.79,34.8,0.27%
2023/06/16,13115.73,27655.6,-45.15,-0.34%
2023/06/19,13087.33,27595.7,-28.4,-0.22%
2023/06/20,12999.12,27516.69,-88.21,-0.67%
2023/06/21,12982.59,27481.71,-16.53,-0.13%
2023/06/26,12858.77,27219.61,-123.82,-0.95%
2023/06/27,12766.38,27078.89,-92.39,-0.72%
2023/06/28,12800.37,27160.56,33.99,0.27%
2023/06/29,12762.14,27121.78,-38.23,-0.3%
2023/06/30,12721.72,27159.49,-40.42,-0.32%
2023/07/03,12823.76,27384.13,102.04,0.8%
2023/07/04,12862.1,27583.16,38.34,0.3%
2023/07/05,12797.47,27453.29,-64.63,-0.5%
2023/07/06,12502.08,26825.97,-295.39,-2.31%
2023/07/07,12460.03,26735.73,-42.05,-0.34%
2023/07/10,12445.63,26704.84,-14.4,-0.12%
2023/07/11,12659.15,27186.88,213.52,1.72%
2023/07/12,12708.19,27292.2,49.04,0.39%
2023/07/13,12791.97,27482.24,83.78,0.66%
2023/07/14,12951.0,27823.88,159.03,1.24%
2023/07/17,12974.72,27879.97,23.72,0.18%
2023/07/18,12887.58,27692.74,-87.14,-0.67%
2023/07/19,12832.26,27573.87,-55.32,-0.43%
2023/07/20,12822.17,27562.87,-10.09,-0.08%
2023/07/21,12605.37,27096.84,-216.8,-1.69%
2023/07/24,12603.0,27091.73,-2.37,-0.02%
2023/07/25,12773.57,27458.41,170.57,1.35%
2023/07/26,12754.74,27435.43,-18.83,-0.15%
2023/07/27,12794.02,27522.57,39.28,0.31%
2023/07/28,12809.45,27555.76,15.43,0.12%
2023/07/31,12747.0,27421.42,-62.45,-0.49%
2023/08/01,12844.92,27640.68,97.92,0.77%
2023/08/02,12659.39,27241.43,-185.53,-1.44%
2023/08/04,12569.18,27088.13,-90.21,-0.71%
2023/08/07,12649.06,27260.28,79.88,0.64%
2023/08/08,12541.1,27027.62,-107.96,-0.85%
2023/08/09,12572.14,27106.0,31.04,0.25%
2023/08/10,12470.82,26904.39,-101.32,-0.81%
2023/08/11,12413.1,26787.91,-57.72,-0.46%
2023/08/14,12300.65,26545.25,-112.45,-0.91%
2023/08/15,12288.82,26519.71,-11.83,-0.1%
2023/08/16,12269.29,26477.57,-19.53,-0.16%
2023/08/17,12279.1,26507.19,9.81,0.08%
2023/08/18,12198.49,26333.19,-80.61,-0.66%
2023/08/21,12170.47,26272.7,-28.02,-0.23%
2023/08/22,12222.25,26384.47,51.78,0.43%
2023/08/23,12348.3,26656.58,126.05,1.03%
2023/08/24,12552.53,27097.45,204.23,1.65%
2023/08/25,12286.88,26524.0,-265.65,-2.12%
2023/08/28,12354.25,26669.42,67.37,0.55%
2023/08/29,12421.57,26814.74,67.32,0.54%
2023/08/30,12479.23,26939.23,57.66,0.46%
2023/08/31,12370.22,26703.91,-109.01,-0.87%
2023/09/01,12387.1,26740.34,16.88,0.14%
2023/09/04,12517.08,27020.94,129.98,1.05%
2023/09/05,12478.34,26937.29,-38.74,-0.31%
2023/09/06,12424.18,26820.38,-54.16,-0.43%
2023/09/07,12319.38,26594.14,-104.8,-0.84%
2023/09/08,12277.17,26503.02,-42.21,-0.34%
2023/09/11,12200.63,26350.2,-76.54,-0.62%
2023/09/12,12340.45,26652.17,139.82,1.15%
2023/09/13,12312.93,26592.74,-27.52,-0.22%
2023/09/14,12491.95,27050.57,179.02,1.45%
2023/09/15,12605.83,27297.18,113.88,0.91%
2023/09/18,12370.0,26786.48,-235.83,-1.87%
2023/09/19,12332.02,26704.26,-37.98,-0.31%
2023/09/20,12254.93,26537.32,-77.09,-0.63%
2023/09/21,12085.82,26171.13,-169.11,-1.38%
2023/09/22,12061.62,26118.72,-24.2,-0.2%
2023/09/25,12140.66,26289.86,79.04,0.66%
2023/09/26,11994.39,25975.07,-146.27,-1.2%
2023/09/27,12031.76,26055.99,37.37,0.31%
2023/09/28,12059.05,26115.08,27.29,0.23%
2023/10/02,12238.68,26504.11,179.63,1.49%
2023/10/03,12162.89,26339.97,-75.79,-0.62%
2023/10/04,12005.05,25998.16,-157.84,-1.3%
2023/10/05,12157.51,26328.32,152.46,1.27%
2023/10/06,12229.09,26483.34,71.58,0.59%
2023/10/11,12428.18,26914.47,199.09,1.63%
2023/10/12,12533.51,27142.58,105.33,0.85%
2023/10/13,12529.6,27134.12,-3.91,-0.03%
2023/10/16,12422.71,26902.63,-106.89,-0.85%
2023/10/17,12450.78,26963.41,28.07,0.23%
2023/10/18,12280.84,26595.39,-169.94,-1.36%
2023/10/19,12317.36,26674.54,36.52,0.3%
2023/10/20,12371.22,26791.18,53.86,0.44%
2023/10/23,12177.13,26370.85,-194.09,-1.57%
2023/10/24,12184.98,26387.84,7.85,0.06%
2023/10/25,12202.49,26425.78,17.51,0.14%
2023/10/26,11978.8,25941.35,-223.69,-1.83%
2023/10/27,12028.25,26048.43,49.45,0.41%
2023/10/30,12019.55,26029.6,-8.7,-0.07%
2023/10/31,11947.1,25872.7,-72.45,-0.6%
2023/11/01,11956.72,25893.54,9.62,0.08%
2023/11/02,12276.9,26586.91,320.18,2.68%
2023/11/03,12359.33,26765.42,82.43,0.67%
2023/11/06,12432.08,26922.98,72.75,0.59%
2023/11/07,12477.52,27021.38,45.44,0.37%
2023/11/08,12519.43,27112.14,41.91,0.34%
2023/11/09,12534.89,27145.61,15.46,0.12%
2023/11/10,12493.28,27055.5,-41.61,-0.33%
2023/11/13,12673.77,27446.39,180.49,1.44%
2023/11/14,12717.88,27541.9,44.11,0.35%
2023/11/15,12887.23,27908.64,169.35,1.33%
2023/11/16,12905.69,27948.63,18.46,0.14%
2023/11/17,12905.94,27949.17,0.25,0%
2023/11/20,12887.95,27910.21,-17.99,-0.14%
2023/11/21,13073.68,28312.42,185.73,1.44%
2023/11/22,12957.91,28061.71,-115.77,-0.89%
2023/11/23,12942.1,28027.47,-15.81,-0.12%
2023/11/24,12930.13,28001.56,-11.97,-0.09%
2023/11/27,12808.51,27738.17,-121.62,-0.94%
2023/11/28,12941.09,28025.28,132.58,1.04%
2023/11/29,12945.77,28035.43,4.68,0.04%
2023/11/30,12993.54,28138.87,47.77,0.37%
2023/12/01,12985.61,28121.7,-7.93,-0.06%
2023/12/04,12935.97,28014.19,-49.64,-0.38%
2023/12/05,12858.88,27847.26,-77.09,-0.6%
2023/12/06,12874.88,27881.9,16.0,0.12%
2023/12/07,12806.53,27733.88,-68.35,-0.53%
2023/12/08,12891.28,27917.43,84.75,0.66%
2023/12/11,12934.01,28009.96,42.73,0.33%
2023/12/12,12969.89,28087.66,35.88,0.28%
2023/12/13,12977.57,28104.29,7.68,0.06%
2023/12/14,13125.86,28495.03,148.29,1.14%
2023/12/15,13161.81,28573.07,35.95,0.27%
2023/12/18,13156.5,28561.55,-5.31,-0.04%
2023/12/19,13131.4,28507.06,-25.1,-0.19%
2023/12/20,13139.33,28524.27,7.93,0.06%
2023/12/21,13037.14,28302.43,-102.19,-0.78%
2023/12/22,13098.2,28434.98,61.06,0.47%
2023/12/25,13119.7,28481.67,21.5,0.16%
2023/12/26,13219.61,28698.56,99.91,0.76%
2023/12/27,13355.02,28992.53,135.41,1.02%
2023/12/28,13370.94,29027.07,15.92,0.12%
2023/12/29,13381.88,29050.82,10.94,0.08%
2024/01/02,13309.21,28893.07,-72.67,-0.54%
2024/01/03,13034.49,28296.67,-274.72,-2.06%
2024/01/04,13037.78,28338.84,3.29,0.03%
2024/01/05,12974.48,28201.26,-63.3,-0.49%
2024/01/08,13051.34,28368.31,76.86,0.59%
2024/01/09,13056.48,28379.5,5.14,0.04%
2024/01/10,13000.8,28258.47,-55.68,-0.43%
2024/01/11,13044.4,28353.22,43.6,0.34%
2024/01/12,13028.72,28319.16,-15.68,-0.12%
2024/01/15,13047.86,28360.74,19.14,0.15%
2024/01/16,12894.4,28027.18,-153.46,-1.18%
2024/01/17,12789.29,27798.73,-105.11,-0.82%
2024/01/18,12879.27,27994.31,89.98,0.7%
2024/01/19,13398.22,29122.29,518.95,4.03%
2024/01/22,13458.53,29253.37,60.31,0.45%
2024/01/23,13494.22,29330.97,35.69,0.27%
2024/01/24,13496.01,29334.85,1.79,0.01%
2024/01/25,13677.24,29728.76,181.23,1.34%
2024/01/26,13676.62,29727.41,-0.62,-0%
2024/01/29,13761.93,29912.85,85.31,0.62%
2024/01/30,13673.25,29720.1,-88.68,-0.64%
2024/01/31,13514.69,29375.45,-158.56,-1.16%
2024/02/01,13535.14,29419.89,20.45,0.15%
2024/02/02,13626.41,29618.29,91.27,0.67%
2024/02/05,13717.55,29816.39,91.14,0.67%
2024/02/15,14316.48,31118.22,598.93,4.37%
2024/02/16,14179.07,30819.54,-137.41,-0.96%
2024/02/19,14170.87,30801.71,-8.2,-0.06%
2024/02/20,14313.53,31111.8,142.66,1.01%
2024/02/21,14210.54,30887.95,-102.99,-0.72%
2024/02/22,14378.29,31252.56,167.75,1.18%
2024/02/23,14456.43,31422.41,78.14,0.54%
2024/02/26,14487.52,31489.99,31.09,0.22%
2024/02/27,14441.88,31390.78,-45.64,-0.32%
2024/02/29,14445.23,31398.06,3.35,0.02%
2024/03/01,14391.52,31281.32,-53.71,-0.37%
2024/03/04,14831.74,32238.18,440.22,3.06%
2024/03/05,14898.45,32383.19,66.71,0.45%
2024/03/06,15005.49,32615.85,107.04,0.72%
2024/03/07,15317.39,33293.8,311.9,2.08%
2024/03/08,15572.16,33847.56,254.77,1.66%
2024/03/11,15425.14,33527.98,-147.02,-0.94%
2024/03/12,15558.6,33818.07,133.46,0.87%
2024/03/13,15658.63,34035.5,100.03,0.64%
2024/03/14,15681.95,34086.19,23.32,0.15%
2024/03/15,15379.08,33427.87,-302.87,-1.93%
2024/03/18,15541.63,33862.22,162.55,1.06%
2024/03/19,15522.63,33820.82,-19.0,-0.12%
2024/03/20,15454.87,33673.19,-67.76,-0.44%
2024/03/21,15857.08,34553.61,402.21,2.6%
2024/03/22,15885.54,34615.62,28.46,0.18%
2024/03/25,15810.19,34451.42,-75.35,-0.47%
2024/03/26,15804.63,34439.32,-5.56,-0.04%
2024/03/27,15830.04,34499.8,25.41,0.16%
2024/03/28,15766.69,34361.75,-63.35,-0.4%
2024/03/29,15935.62,34729.9,168.93,1.07%
2024/04/01,15780.92,34392.76,-154.7,-0.97%
2024/04/02,16066.31,35014.73,285.39,1.81%
2024/04/03,15923.05,34702.52,-143.26,-0.89%
2024/04/08,15975.05,34815.83,52.0,0.33%
2024/04/09,16384.21,35707.55,409.16,2.56%
2024/04/10,16336.04,35602.58,-48.17,-0.29%
2024/04/11,16352.39,35638.2,16.35,0.1%
2024/04/12,16280.59,35504.48,-71.8,-0.44%
2024/04/15,16020.39,34937.05,-260.2,-1.6%
2024/04/16,15597.84,34015.56,-422.55,-2.64%
2024/04/17,15839.53,34542.62,241.69,1.55%
2024/04/18,15881.13,34633.34,41.6,0.26%
2024/04/19,15112.51,32957.15,-768.62,-4.84%
2024/04/22,15034.56,32787.16,-77.95,-0.52%
2024/04/23,15192.43,33131.43,157.87,1.05%
2024/04/24,15684.52,34204.59,492.09,3.24%
2024/04/25,15392.7,0.0,-291.82,-1.86%
